Clock_pair,sigma_A_MOD,sigma_A_DE,sigma_A_DM
Cs/Sr,1.4051026923715037e-16,3.1879202186361992e-24,2.792963637380273e-23
N2+/Sr,5.617759398036936e-18,1.6568106326210837e-25,1.1125498449096788e-24
CaF/Sr,7.884949910079262e-18,1.7395491397494763e-25,1.5278931606244328e-24
CaF/Cs,2.025105800585129e-16,4.453579166687861e-24,3.94395099511961e-23
Yb+/Cs,1.4063758785086605e-16,3.159370832961852e-24,2.716481855679512e-23
CaF/Yb+,7.879604483628376e-18,1.8444499420967535e-25,1.553734600926508e-24
