Clock_pair,sigma_A_MOD,sigma_A_DE,sigma_A_DM
Cs/Sr,1.440856484334246e-16,3.1434861926954974e-24,2.776959855138452e-23
N2+/Sr,5.419432725529762e-18,1.566077528370041e-25,1.0619793592857736e-24
CaF/Sr,7.527993574903059e-18,1.6915059772094675e-25,1.5063055595903602e-24
CaF/Cs,1.9466165383557005e-16,4.430042068377765e-24,3.983411515609422e-23
Yb+/Cs,1.4202294251145086e-16,3.157488086462179e-24,2.8058075433296585e-23
CaF/Yb+,7.794447105623204e-18,1.7632104119632418e-25,1.5541685354310034e-24
