Clock_pair,sigma_A_MOD,sigma_A_DE,sigma_A_DM
Cs/Sr,1.3809229366788554e-16,3.0732425333510637e-24,2.765135900047038e-23
N2+/Sr,5.227757450692851e-18,1.5900810795314186e-25,1.0503265983614073e-24
CaF/Sr,7.384574930835136e-18,1.7003003589380024e-25,1.494557299426681e-24
CaF/Cs,1.9657914572963147e-16,4.420845132676307e-24,3.976238517528861e-23
Yb+/Cs,1.3664986219251586e-16,3.1007574424229118e-24,2.787364404723054e-23
CaF/Yb+,7.70020726856602e-18,1.749387113288615e-25,1.5597650694671147e-24
