Clock_pair,sigma_A_MOD,sigma_A_DE,sigma_A_DM
Cs/Sr,1.4088683702423193e-16,3.146715678346511e-24,2.800710112483818e-23
N2+/Sr,5.603496873367077e-18,1.676132505386297e-25,1.1117682632606505e-24
CaF/Sr,7.765457495677162e-18,1.756188774990402e-25,1.5326246632951168e-24
CaF/Cs,2.0186589658964482e-16,4.5265516631901415e-24,3.9231691505041123e-23
Yb+/Cs,1.4356232669331635e-16,3.1430405363195935e-24,2.77414602191402e-23
CaF/Yb+,7.913881262358994e-18,1.8037729515823968e-25,1.5976216687907165e-24
