Clock_pair,sigma_A_MOD,sigma_A_DE,sigma_A_DM
Cs/Sr,1.3890143133384091e-16,3.1003340293997857e-24,2.740050512662181e-23
N2+/Sr,5.3206774358006706e-18,1.610752997038176e-25,1.051454258240208e-24
CaF/Sr,7.4142831695734e-18,1.682708463461512e-25,1.4692280865155005e-24
CaF/Cs,1.9728252525324578e-16,4.4091325242671906e-24,3.9717891707999344e-23
Yb+/Cs,1.3708266882740795e-16,3.1370167399654744e-24,2.8006364064345785e-23
CaF/Yb+,7.675776771668079e-18,1.8027479060338287e-25,1.5410737302995501e-24
