Clock_pair,sigma_A_MOD,sigma_A_DE,sigma_A_DM
Cs/Sr,1.3985427552498295e-16,3.110329941734563e-24,2.758413113255829e-23
N2+/Sr,5.46129948930293e-18,1.6638166856939094e-25,1.1145552108053284e-24
CaF/Sr,7.593473736942755e-18,1.725887142535245e-25,1.5289854169472468e-24
CaF/Cs,1.9740104523044954e-16,4.473158137189763e-24,3.98303921009467e-23
Yb+/Cs,1.375262553134664e-16,3.1101386284398887e-24,2.7663709724512876e-23
CaF/Yb+,7.993644696514936e-18,1.840681520705763e-25,1.587287072624629e-24
